Workbook

Sheet LuotRua
A1: ma_lr | B1: ngay_rua | C1: ma_rx | D1: so_xe | E1: ten_goi_rua | F1: gia_luot | G1: tien_rua
A2: LR001 | B2: 2026-02-01 | C2: OT01 | D2: 3 | E2: =VLOOKUP(LuotRua!C2,GoiRuaXe!$A$1:$C$8,2,0) -> Rua o to 4 cho | F2: =VLOOKUP(C2,GoiRuaXe!$A$1:$C$8,3,0) -> 120000 | G2: =D2*F2 -> 360000
A3: LR002 | B3: 2026-02-02 | C3: VS01 | D3: 1 | E3: =VLOOKUP(LuotRua!C3,GoiRuaXe!$A$1:$C$8,2,0) -> Ve sinh noi that o to | F3: =VLOOKUP(C3,GoiRuaXe!$A$1:$C$8,3,0) -> 400000 | G3: =D3*F3 -> 400000
A4: LR003 | B4: 2026-02-03 | C4: OT02 | D4: 3 | E4: =VLOOKUP(LuotRua!C4,GoiRuaXe!$A$1:$C$8,2,0) -> Rua o to 7 cho | F4: =VLOOKUP(C4,GoiRuaXe!$A$1:$C$8,3,0) -> 150000 | G4: =D4*F4 -> 450000
A5: LR004 | B5: 2026-02-04 | C5: XM02 | D5: 3 | E5: =VLOOKUP(LuotRua!C5,GoiRuaXe!$A$1:$C$8,2,0) -> Rua xe may phu bong | F5: =VLOOKUP(C5,GoiRuaXe!$A$1:$C$8,3,0) -> 50000 | G5: =D5*F5 -> 150000
A6: LR005 | B6: 2026-02-05 | C6: OT01 | D6: 1 | E6: =VLOOKUP(LuotRua!C6,GoiRuaXe!$A$1:$C$8,2,0) -> Rua o to 4 cho | F6: =VLOOKUP(C6,GoiRuaXe!$A$1:$C$8,3,0) -> 120000 | G6: =D6*F6 -> 120000
A7: LR006 | B7: 2026-02-06 | C7: DB01 | D7: 2 | E7: =VLOOKUP(LuotRua!C7,GoiRuaXe!$A$1:$C$8,2,0) -> Danh bong den xe | F7: =VLOOKUP(C7,GoiRuaXe!$A$1:$C$8,3,0) -> 200000 | G7: =D7*F7 -> 400000
A8: LR007 | B8: 2026-02-07 | C8: XM01 | D8: 1 | E8: =VLOOKUP(LuotRua!C8,GoiRuaXe!$A$1:$C$8,2,0) -> Rua xe may thuong | F8: =VLOOKUP(C8,GoiRuaXe!$A$1:$C$8,3,0) -> 30000 | G8: =D8*F8 -> 30000
A9: LR008 | B9: 2026-02-08 | C9: OT02 | D9: 4 | E9: =VLOOKUP(LuotRua!C9,GoiRuaXe!$A$1:$C$8,2,0) -> Rua o to 7 cho | F9: =VLOOKUP(C9,GoiRuaXe!$A$1:$C$8,3,0) -> 150000 | G9: =D9*F9 -> 600000
A10: LR009 | B10: 2026-02-09 | C10: XM02 | D10: 4 | E10: =VLOOKUP(LuotRua!C10,GoiRuaXe!$A$1:$C$8,2,0) -> Rua xe may phu bong | F10: =VLOOKUP(C10,GoiRuaXe!$A$1:$C$8,3,0) -> 50000 | G10: =D10*F10 -> 200000
A11: LR010 | B11: 2026-02-10 | C11: HB01 | D11: 5 | E11: =VLOOKUP(LuotRua!C11,GoiRuaXe!$A$1:$C$8,2,0) -> Hut bui tham san | F11: =VLOOKUP(C11,GoiRuaXe!$A$1:$C$8,3,0) -> 60000 | G11: =D11*F11 -> 300000
A12: LR011 | B12: 2026-02-11 | C12: OT02 | D12: 5 | E12: =VLOOKUP(LuotRua!C12,GoiRuaXe!$A$1:$C$8,2,0) -> Rua o to 7 cho | F12: =VLOOKUP(C12,GoiRuaXe!$A$1:$C$8,3,0) -> 150000 | G12: =D12*F12 -> 750000
A13: LR012 | B13: 2026-02-12 | C13: HB01 | D13: 1 | E13: =VLOOKUP(LuotRua!C13,GoiRuaXe!$A$1:$C$8,2,0) -> Hut bui tham san | F13: =VLOOKUP(C13,GoiRuaXe!$A$1:$C$8,3,0) -> 60000 | G13: =D13*F13 -> 60000
... A16: LR015 | B16: 2026-02-15 | C16: OT01 | D16: 4 | E16: =VLOOKUP(LuotRua!C16,GoiRuaXe!$A$1:$C$8,2,0) -> Rua o to 4 cho | F16: =VLOOKUP(C16,GoiRuaXe!$A$1:$C$8,3,0) -> 120000 | G16: =D16*F16 -> 480000

Sheet GoiRuaXe
A1: ma_rx | B1: ten_goi_rua | C1: gia_luot
A2: XM01 | B2: Rua xe may thuong | C2: 30000
A3: XM02 | B3: Rua xe may phu bong | C3: 50000
A4: OT01 | B4: Rua o to 4 cho | C4: 120000
A5: OT02 | B5: Rua o to 7 cho | C5: 150000
A6: VS01 | B6: Ve sinh noi that o to | C6: 400000
A7: DB01 | B7: Danh bong den xe | C7: 200000
A8: HB01 | B8: Hut bui tham san | C8: 60000
